{
  "horizon_blend_stops": {
    "min": {
      "0.0": 0.0,
      "0.1962499916553497": 0.0,
      "0.25": 0.0,
      "0.34": 0.0,
      "0.6": 0.0,
      "0.6750000119209290": 0.0,
      "0.7487499713897705": 0.0,
      "0.8174999952316284": 0.0
    },
    "start": {
      "0.0": 0.55,
      "0.1962499916553497": 0.2,
      "0.25": 0.3,
      "0.34": 0.58,
      "0.6": 0.69,
      "0.6750000119209290": 0.72,
      "0.7487499713897705": 0.8,
      "0.8174999952316284": 0.77
    },
    "mie_start": {
      "0.0": 0.0,
      "0.1962499916553497": 0.0,
      "0.25": 0.0,
      "0.34": 0.0,
      "0.6": 0.0,
      "0.6750000119209290": 0.0,
      "0.7487499713897705": 0.0,
      "0.75": 0.0,
      "0.8174999952316284": 0.0
    },
    "max": {
      "0.0": 0.6,
      "0.1962499916553497": 0.15,
      "0.25": 0.1,
      "0.34": 0.74,
      "0.6": 0.58,
      "0.6750000119209290": 0.68,
      "0.7487499713897705": 0.62,
      "0.8174999952316284": 0.59
    }
  },
  "rayleigh_strength": {
    "0.0": 1.0,
    "0.25": 0.6,
    "0.3": 0.61,
    "0.3037499785423279": 0.72,
    "0.3249999880790710": 0.64,
    "0.6": 0.72,
    "0.7074999809265137": 0.65,
    "0.75": 0.7
  },
  "sun_mie_strength": {
    "0.0": 1.0,
    "0.2": 1.0,
    "0.22": 1.0,
    "0.25": 1.0,                  
    "0.3": 1.0, 
    "0.3037499785423279": 0.0,
    "0.324999988079075": 0.0,
    "0.4": 0.0,
    "0.5": 0.0,
    "0.6": 0.0,
    "0.7074999809265137": 1.0,
    "0.75": 1.0
  },
  "moon_mie_strength": {
    "0.0": 0.0,
    "0.25": 0.0,
    "0.3": 0.0,  
    "0.3037499785423279": 0.0,
    "0.3249999880790710": 0.0,
    "0.6": 0.0,
    "0.7074999809265137": 0.0,
    "0.75": 0.0
  },
  "sun_glare_shape": {
    "0.0": 3.0,                    // Noon
    "0.1": 3.0,
    "0.2": 5.0,
    "0.25": 5.0,                   // Sunset (Sun shape becomes slightly smaller)
    "0.3": 5.0,                    // Sunset
    "0.3037499785423279": 5.0,     // Sunset
    "0.3249999880790710": 5.0,     // Sunset
    "0.5": 100.0,                    // Midnight
    "0.6": 110.0,                    // Night
    "0.7074999809265137": 4.0,     // Night
    "0.75": 4.5                    // Sunrise (Sun shape becomes slightly smaller)
  },  
  "sky_zenith_color": {
    "0.0": [5, 130, 164],
    "0.25": [15, 60, 100],
    "0.5": [10, 15, 40],
    "0.75": [50, 90, 170]
  },
  "sky_horizon_color": {
    "0.0": [255, 255, 0],  //sunrise
    "0.171875": [196, 133, 102],  //sunday
    "0.25": [240, 85, 85],  //day
    "0.305": [173, 71, 67], //night
    "0.35": [168, 79, 140], //night
    "0.4174999892711639": [130, 101, 169], //sunset
    "0.47": [66, 100, 238],       //night
    "0.6030000448226929": [66, 96, 238],  //night
    "0.6474999785423279": [168, 103, 162], //night
    "0.75": [238, 160, 124], //night
    "0.84": [242, 179, 152] //sunset
  }
}